,Title,Company,Location
0,"Internship in Artificial intelligence, NLP, Machine & Deep l...",Doctorspot Technologies,"Ernakulam, Kerala"
1,NLP/Deep learning Engineer,AutomationEdge,India
2,Research Scientist (Deep Learning),Arya.ai,"Mumbai, Maharashtra"
3,Machine Learning,XenonStack,"Chandigarh, Chandigarh"
4,Grayripples | Artificial Intelligence Developer | Machine Le...,GrayRipples.com,
5,Machine Learning,47billion,"Indore, Madhya Pradesh"
6,Machine Learning Engineer,UPL ltd,"Bengaluru, Karnataka"
7,Artificial Intelligence/ Machine Learning Data Engineer,Right Soft Options,"Kochi, Kerala"
8,"Machine Learning, Deep Learning and Artificial Intelligence",Nubeslab,"Kochi, Kerala"
9,Machine Learning Engineer/Junior Data Scientist,Sonicsoft Solutions Pvt Ltd,"Visakhapatnam, Andhra Pradesh"
10,Machine Learning (3yr to 15yrs),KBM Technosoft,"Bengaluru, Karnataka"
11,Artificial Intelligence Developer - Machine Learning/Deep Le...,StarTele Logic,India
12,Deep Learning Specialist,Standard Chartered,"Chennai, Tamil Nadu"
13,Applied Machine Learning Engineer,Click2Cloud,India
14,Machine Learning Intern,Maxgenmedia House,"Ahmedabad, Gujarat"
15,"Internship in Artificial intelligence, NLP, Machine & Deep l...",Doctorspot Technologies,"Ernakulam, Kerala"
16,NLP/Deep learning Engineer,AutomationEdge,India
17,Research Scientist (Deep Learning),Arya.ai,"Mumbai, Maharashtra"
18,Machine Learning,XenonStack,"Chandigarh, Chandigarh"
19,Grayripples | Artificial Intelligence Developer | Machine Le...,GrayRipples.com,
20,Machine Learning,47billion,"Indore, Madhya Pradesh"
21,Machine Learning Engineer,UPL ltd,"Bengaluru, Karnataka"
22,Artificial Intelligence/ Machine Learning Data Engineer,Right Soft Options,"Kochi, Kerala"
23,"Machine Learning, Deep Learning and Artificial Intelligence",Nubeslab,"Kochi, Kerala"
24,Machine Learning Engineer/Junior Data Scientist,Sonicsoft Solutions Pvt Ltd,"Visakhapatnam, Andhra Pradesh"
25,Machine Learning (3yr to 15yrs),KBM Technosoft,"Bengaluru, Karnataka"
26,Artificial Intelligence Developer - Machine Learning/Deep Le...,StarTele Logic,India
27,Deep Learning Specialist,Standard Chartered,"Chennai, Tamil Nadu"
28,Applied Machine Learning Engineer,Click2Cloud,India
29,Machine Learning Intern,Maxgenmedia House,"Ahmedabad, Gujarat"
30,"Internship in Artificial intelligence, NLP, Machine & Deep l...",Doctorspot Technologies,"Ernakulam, Kerala"
31,NLP/Deep learning Engineer,AutomationEdge,India
32,Research Scientist (Deep Learning),Arya.ai,"Mumbai, Maharashtra"
33,Machine Learning,XenonStack,"Chandigarh, Chandigarh"
34,Grayripples | Artificial Intelligence Developer | Machine Le...,GrayRipples.com,
35,Machine Learning,47billion,"Indore, Madhya Pradesh"
36,Machine Learning Engineer,UPL ltd,"Bengaluru, Karnataka"
37,Artificial Intelligence/ Machine Learning Data Engineer,Right Soft Options,"Kochi, Kerala"
38,"Machine Learning, Deep Learning and Artificial Intelligence",Nubeslab,"Kochi, Kerala"
39,Machine Learning Engineer/Junior Data Scientist,Sonicsoft Solutions Pvt Ltd,"Visakhapatnam, Andhra Pradesh"
40,Machine Learning (3yr to 15yrs),KBM Technosoft,"Bengaluru, Karnataka"
41,Artificial Intelligence Developer - Machine Learning/Deep Le...,StarTele Logic,India
42,Deep Learning Specialist,Standard Chartered,"Chennai, Tamil Nadu"
43,Applied Machine Learning Engineer,Click2Cloud,India
44,Machine Learning Intern,Maxgenmedia House,"Ahmedabad, Gujarat"
45,"Internship in Artificial intelligence, NLP, Machine & Deep l...",Doctorspot Technologies,"Ernakulam, Kerala"
46,NLP/Deep learning Engineer,AutomationEdge,India
47,Research Scientist (Deep Learning),Arya.ai,"Mumbai, Maharashtra"
48,Machine Learning,XenonStack,"Chandigarh, Chandigarh"
49,Grayripples | Artificial Intelligence Developer | Machine Le...,GrayRipples.com,
50,Machine Learning,47billion,"Indore, Madhya Pradesh"
51,Machine Learning Engineer,UPL ltd,"Bengaluru, Karnataka"
52,Artificial Intelligence/ Machine Learning Data Engineer,Right Soft Options,"Kochi, Kerala"
53,"Machine Learning, Deep Learning and Artificial Intelligence",Nubeslab,"Kochi, Kerala"
54,Machine Learning Engineer/Junior Data Scientist,Sonicsoft Solutions Pvt Ltd,"Visakhapatnam, Andhra Pradesh"
55,Machine Learning (3yr to 15yrs),KBM Technosoft,"Bengaluru, Karnataka"
56,Artificial Intelligence Developer - Machine Learning/Deep Le...,StarTele Logic,India
57,Deep Learning Specialist,Standard Chartered,"Chennai, Tamil Nadu"
58,Applied Machine Learning Engineer,Click2Cloud,India
59,Machine Learning Intern,Maxgenmedia House,"Ahmedabad, Gujarat"
60,"Internship in Artificial intelligence, NLP, Machine & Deep l...",Doctorspot Technologies,"Ernakulam, Kerala"
61,NLP/Deep learning Engineer,AutomationEdge,India
62,Research Scientist (Deep Learning),Arya.ai,"Mumbai, Maharashtra"
63,Machine Learning,XenonStack,"Chandigarh, Chandigarh"
64,Grayripples | Artificial Intelligence Developer | Machine Le...,GrayRipples.com,
65,Machine Learning,47billion,"Indore, Madhya Pradesh"
66,Machine Learning Engineer,UPL ltd,"Bengaluru, Karnataka"
67,Artificial Intelligence/ Machine Learning Data Engineer,Right Soft Options,"Kochi, Kerala"
68,"Machine Learning, Deep Learning and Artificial Intelligence",Nubeslab,"Kochi, Kerala"
69,Machine Learning Engineer/Junior Data Scientist,Sonicsoft Solutions Pvt Ltd,"Visakhapatnam, Andhra Pradesh"
70,Machine Learning (3yr to 15yrs),KBM Technosoft,"Bengaluru, Karnataka"
71,Artificial Intelligence Developer - Machine Learning/Deep Le...,StarTele Logic,India
72,Deep Learning Specialist,Standard Chartered,"Chennai, Tamil Nadu"
73,Applied Machine Learning Engineer,Click2Cloud,India
74,Machine Learning Intern,Maxgenmedia House,"Ahmedabad, Gujarat"
75,"Internship in Artificial intelligence, NLP, Machine & Deep l...",Doctorspot Technologies,"Ernakulam, Kerala"
76,NLP/Deep learning Engineer,AutomationEdge,India
77,Research Scientist (Deep Learning),Arya.ai,"Mumbai, Maharashtra"
78,Machine Learning,XenonStack,"Chandigarh, Chandigarh"
79,Grayripples | Artificial Intelligence Developer | Machine Le...,GrayRipples.com,
80,Machine Learning,47billion,"Indore, Madhya Pradesh"
81,Machine Learning Engineer,UPL ltd,"Bengaluru, Karnataka"
82,Artificial Intelligence/ Machine Learning Data Engineer,Right Soft Options,"Kochi, Kerala"
83,"Machine Learning, Deep Learning and Artificial Intelligence",Nubeslab,"Kochi, Kerala"
84,Machine Learning Engineer/Junior Data Scientist,Sonicsoft Solutions Pvt Ltd,"Visakhapatnam, Andhra Pradesh"
85,Machine Learning (3yr to 15yrs),KBM Technosoft,"Bengaluru, Karnataka"
86,Artificial Intelligence Developer - Machine Learning/Deep Le...,StarTele Logic,India
87,Deep Learning Specialist,Standard Chartered,"Chennai, Tamil Nadu"
88,Applied Machine Learning Engineer,Click2Cloud,India
89,Machine Learning Intern,Maxgenmedia House,"Ahmedabad, Gujarat"
90,"Internship in Artificial intelligence, NLP, Machine & Deep l...",Doctorspot Technologies,"Ernakulam, Kerala"
91,NLP/Deep learning Engineer,AutomationEdge,India
92,Research Scientist (Deep Learning),Arya.ai,"Mumbai, Maharashtra"
93,Machine Learning,XenonStack,"Chandigarh, Chandigarh"
94,Grayripples | Artificial Intelligence Developer | Machine Le...,GrayRipples.com,
95,Machine Learning,47billion,"Indore, Madhya Pradesh"
96,Machine Learning Engineer,UPL ltd,"Bengaluru, Karnataka"
97,Artificial Intelligence/ Machine Learning Data Engineer,Right Soft Options,"Kochi, Kerala"
98,"Machine Learning, Deep Learning and Artificial Intelligence",Nubeslab,"Kochi, Kerala"
99,Machine Learning Engineer/Junior Data Scientist,Sonicsoft Solutions Pvt Ltd,"Visakhapatnam, Andhra Pradesh"
100,Machine Learning (3yr to 15yrs),KBM Technosoft,"Bengaluru, Karnataka"
101,Artificial Intelligence Developer - Machine Learning/Deep Le...,StarTele Logic,India
102,Deep Learning Specialist,Standard Chartered,"Chennai, Tamil Nadu"
103,Applied Machine Learning Engineer,Click2Cloud,India
104,Machine Learning Intern,Maxgenmedia House,"Ahmedabad, Gujarat"
105,"Internship in Artificial intelligence, NLP, Machine & Deep l...",Doctorspot Technologies,"Ernakulam, Kerala"
106,NLP/Deep learning Engineer,AutomationEdge,India
107,Research Scientist (Deep Learning),Arya.ai,"Mumbai, Maharashtra"
108,Machine Learning,XenonStack,"Chandigarh, Chandigarh"
109,Grayripples | Artificial Intelligence Developer | Machine Le...,GrayRipples.com,
110,Machine Learning,47billion,"Indore, Madhya Pradesh"
111,Machine Learning Engineer,UPL ltd,"Bengaluru, Karnataka"
112,Artificial Intelligence/ Machine Learning Data Engineer,Right Soft Options,"Kochi, Kerala"
113,"Machine Learning, Deep Learning and Artificial Intelligence",Nubeslab,"Kochi, Kerala"
114,Machine Learning Engineer/Junior Data Scientist,Sonicsoft Solutions Pvt Ltd,"Visakhapatnam, Andhra Pradesh"
115,Machine Learning (3yr to 15yrs),KBM Technosoft,"Bengaluru, Karnataka"
116,Artificial Intelligence Developer - Machine Learning/Deep Le...,StarTele Logic,India
117,Deep Learning Specialist,Standard Chartered,"Chennai, Tamil Nadu"
118,Applied Machine Learning Engineer,Click2Cloud,India
119,Machine Learning Intern,Maxgenmedia House,"Ahmedabad, Gujarat"
120,"Internship in Artificial intelligence, NLP, Machine & Deep l...",Doctorspot Technologies,"Ernakulam, Kerala"
121,NLP/Deep learning Engineer,AutomationEdge,India
122,Research Scientist (Deep Learning),Arya.ai,"Mumbai, Maharashtra"
123,Machine Learning,XenonStack,"Chandigarh, Chandigarh"
124,Grayripples | Artificial Intelligence Developer | Machine Le...,GrayRipples.com,
125,Machine Learning,47billion,"Indore, Madhya Pradesh"
126,Machine Learning Engineer,UPL ltd,"Bengaluru, Karnataka"
127,Artificial Intelligence/ Machine Learning Data Engineer,Right Soft Options,"Kochi, Kerala"
128,"Machine Learning, Deep Learning and Artificial Intelligence",Nubeslab,"Kochi, Kerala"
129,Machine Learning Engineer/Junior Data Scientist,Sonicsoft Solutions Pvt Ltd,"Visakhapatnam, Andhra Pradesh"
130,Machine Learning (3yr to 15yrs),KBM Technosoft,"Bengaluru, Karnataka"
131,Artificial Intelligence Developer - Machine Learning/Deep Le...,StarTele Logic,India
132,Deep Learning Specialist,Standard Chartered,"Chennai, Tamil Nadu"
133,Applied Machine Learning Engineer,Click2Cloud,India
134,Machine Learning Intern,Maxgenmedia House,"Ahmedabad, Gujarat"
135,"Internship in Artificial intelligence, NLP, Machine & Deep l...",Doctorspot Technologies,"Ernakulam, Kerala"
136,NLP/Deep learning Engineer,AutomationEdge,India
137,Research Scientist (Deep Learning),Arya.ai,"Mumbai, Maharashtra"
138,Machine Learning,XenonStack,"Chandigarh, Chandigarh"
139,Grayripples | Artificial Intelligence Developer | Machine Le...,GrayRipples.com,
140,Machine Learning,47billion,"Indore, Madhya Pradesh"
141,Machine Learning Engineer,UPL ltd,"Bengaluru, Karnataka"
142,Artificial Intelligence/ Machine Learning Data Engineer,Right Soft Options,"Kochi, Kerala"
143,"Machine Learning, Deep Learning and Artificial Intelligence",Nubeslab,"Kochi, Kerala"
144,Machine Learning Engineer/Junior Data Scientist,Sonicsoft Solutions Pvt Ltd,"Visakhapatnam, Andhra Pradesh"
145,Machine Learning (3yr to 15yrs),KBM Technosoft,"Bengaluru, Karnataka"
146,Artificial Intelligence Developer - Machine Learning/Deep Le...,StarTele Logic,India
147,Deep Learning Specialist,Standard Chartered,"Chennai, Tamil Nadu"
148,Applied Machine Learning Engineer,Click2Cloud,India
149,Machine Learning Intern,Maxgenmedia House,"Ahmedabad, Gujarat"
